进路编号,属性代码,工作表,原表行号,原按钮序列,防护信号,开放代码,子进路,验证状态,原因,运行证据,数据源SHA256
1,11,联锁表,2,"XNLA,NE,S5LA",XN,UU,,通过,,完整按钮序列；灯位；仿真接近/占用/出清；延时正常解锁,fd32d5ed00723fc7ce146edc0cddf38d9062e54dcc60284b3bda92a4a352bf1d
2,11,联锁表,3,"XNLA,NE,SIIILA",XN,U,,通过,,完整按钮序列；灯位；仿真接近/占用/出清；延时正常解锁,fd32d5ed00723fc7ce146edc0cddf38d9062e54dcc60284b3bda92a4a352bf1d
3,11,联锁表,4,"XNLA,NE,SILA",XN,UU,,通过,,完整按钮序列；灯位；仿真接近/占用/出清；延时正常解锁,fd32d5ed00723fc7ce146edc0cddf38d9062e54dcc60284b3bda92a4a352bf1d
4,11,联锁表,5,"XNLA,NE,SIILA",XN,UU,,通过,,完整按钮序列；灯位；仿真接近/占用/出清；延时正常解锁,fd32d5ed00723fc7ce146edc0cddf38d9062e54dcc60284b3bda92a4a352bf1d
5,11,联锁表,6,"XNLA,NE,S4LA",XN,UU,,通过,,完整按钮序列；灯位；仿真接近/占用/出清；延时正常解锁,fd32d5ed00723fc7ce146edc0cddf38d9062e54dcc60284b3bda92a4a352bf1d
6,11,联锁表,7,"XLA,NE,S5LA",X,UU,,通过,,完整按钮序列；灯位；仿真接近/占用/出清；延时正常解锁,fd32d5ed00723fc7ce146edc0cddf38d9062e54dcc60284b3bda92a4a352bf1d
7,11,联锁表,8,"XLA,NE,SIIILA",X,UU,,通过,,完整按钮序列；灯位；仿真接近/占用/出清；延时正常解锁,fd32d5ed00723fc7ce146edc0cddf38d9062e54dcc60284b3bda92a4a352bf1d
9,11,联锁表,9,"XLA,NE,SIILA",X,UU,,通过,,完整按钮序列；灯位；仿真接近/占用/出清；延时正常解锁,fd32d5ed00723fc7ce146edc0cddf38d9062e54dcc60284b3bda92a4a352bf1d
10,11,联锁表,10,"XLA,NE,S4LA",X,UU,,通过,,完整按钮序列；灯位；仿真接近/占用/出清；延时正常解锁,fd32d5ed00723fc7ce146edc0cddf38d9062e54dcc60284b3bda92a4a352bf1d
11,13,联锁表,11,"XFLA,NE,S5LA",XF,UU,,通过,,完整按钮序列；灯位；仿真接近/占用/出清；延时正常解锁,fd32d5ed00723fc7ce146edc0cddf38d9062e54dcc60284b3bda92a4a352bf1d
12,13,联锁表,12,"XFLA,NE,SIIILA",XF,UU,,数据阻塞,完整按钮序列与另一条进路重复，无法唯一识别,,fd32d5ed00723fc7ce146edc0cddf38d9062e54dcc60284b3bda92a4a352bf1d
13,13,联锁表,13,"XFLA,NE,SILA",XF,UU,,通过,,完整按钮序列；灯位；仿真接近/占用/出清；延时正常解锁,fd32d5ed00723fc7ce146edc0cddf38d9062e54dcc60284b3bda92a4a352bf1d
14,13,联锁表,14,"XFLA,NE,SIILA",XF,U,,通过,,完整按钮序列；灯位；仿真接近/占用/出清；延时正常解锁,fd32d5ed00723fc7ce146edc0cddf38d9062e54dcc60284b3bda92a4a352bf1d
15,13,联锁表,15,"XFLA,NE,S4LA",XF,UU,,通过,,完整按钮序列；灯位；仿真接近/占用/出清；延时正常解锁,fd32d5ed00723fc7ce146edc0cddf38d9062e54dcc60284b3bda92a4a352bf1d
16,14,联锁表,16,"S5LA,NE,XNLA",S5,L,,通过,,完整按钮序列；灯位；仿真接近/占用/出清；延时正常解锁,fd32d5ed00723fc7ce146edc0cddf38d9062e54dcc60284b3bda92a4a352bf1d
17,14,联锁表,17,"S5LA,NE,XLA",S5,L,,通过,,完整按钮序列；灯位；仿真接近/占用/出清；延时正常解锁,fd32d5ed00723fc7ce146edc0cddf38d9062e54dcc60284b3bda92a4a352bf1d
18,12,联锁表,18,"S5LA,NE,XFLA",S5,L,,通过,,完整按钮序列；灯位；仿真接近/占用/出清；延时正常解锁,fd32d5ed00723fc7ce146edc0cddf38d9062e54dcc60284b3bda92a4a352bf1d
19,14,联锁表,19,"SIIILA,NE,XNLA",SIII,L,,通过,,完整按钮序列；灯位；仿真接近/占用/出清；延时正常解锁,fd32d5ed00723fc7ce146edc0cddf38d9062e54dcc60284b3bda92a4a352bf1d
20,14,联锁表,20,"SIIILA,NE,XLA",SIII,L,,通过,,完整按钮序列；灯位；仿真接近/占用/出清；延时正常解锁,fd32d5ed00723fc7ce146edc0cddf38d9062e54dcc60284b3bda92a4a352bf1d
21,12,联锁表,21,"SIIILA,NE,XFLA",SIII,L,,通过,,完整按钮序列；灯位；仿真接近/占用/出清；延时正常解锁,fd32d5ed00723fc7ce146edc0cddf38d9062e54dcc60284b3bda92a4a352bf1d
22,14,联锁表,22,"SILA,NE,XNLA",SI,L,,通过,,完整按钮序列；灯位；仿真接近/占用/出清；延时正常解锁,fd32d5ed00723fc7ce146edc0cddf38d9062e54dcc60284b3bda92a4a352bf1d
23,14,联锁表,23,"SILA,NE,XLA",SI,L,,通过,,完整按钮序列；灯位；仿真接近/占用/出清；延时正常解锁,fd32d5ed00723fc7ce146edc0cddf38d9062e54dcc60284b3bda92a4a352bf1d
24,12,联锁表,24,"SILA,NE,XFLA",SI,L,,通过,,完整按钮序列；灯位；仿真接近/占用/出清；延时正常解锁,fd32d5ed00723fc7ce146edc0cddf38d9062e54dcc60284b3bda92a4a352bf1d
25,14,联锁表,25,"SIILA,NE,XNLA",SII,L,,通过,,完整按钮序列；灯位；仿真接近/占用/出清；延时正常解锁,fd32d5ed00723fc7ce146edc0cddf38d9062e54dcc60284b3bda92a4a352bf1d
26,14,联锁表,26,"SIILA,NE,XLA",SII,L,,通过,,完整按钮序列；灯位；仿真接近/占用/出清；延时正常解锁,fd32d5ed00723fc7ce146edc0cddf38d9062e54dcc60284b3bda92a4a352bf1d
27,12,联锁表,27,"SIILA,NE,XFLA",SII,L,,通过,,完整按钮序列；灯位；仿真接近/占用/出清；延时正常解锁,fd32d5ed00723fc7ce146edc0cddf38d9062e54dcc60284b3bda92a4a352bf1d
28,14,联锁表,28,"S4LA,NE,XNLA",S4,L,,通过,,完整按钮序列；灯位；仿真接近/占用/出清；延时正常解锁,fd32d5ed00723fc7ce146edc0cddf38d9062e54dcc60284b3bda92a4a352bf1d
29,14,联锁表,29,"S4LA,NE,XLA",S4,L,,通过,,完整按钮序列；灯位；仿真接近/占用/出清；延时正常解锁,fd32d5ed00723fc7ce146edc0cddf38d9062e54dcc60284b3bda92a4a352bf1d
30,12,联锁表,30,"S4LA,NE,XFLA",S4,L,,通过,,完整按钮序列；灯位；仿真接近/占用/出清；延时正常解锁,fd32d5ed00723fc7ce146edc0cddf38d9062e54dcc60284b3bda92a4a352bf1d
32,13,联锁表,31,"SFLA,NE,X5LA",SF,UU,,通过,,完整按钮序列；灯位；仿真接近/占用/出清；延时正常解锁,fd32d5ed00723fc7ce146edc0cddf38d9062e54dcc60284b3bda92a4a352bf1d
33,13,联锁表,32,"SFLA,NE,XIIILA",SF,UU,,通过,,完整按钮序列；灯位；仿真接近/占用/出清；延时正常解锁,fd32d5ed00723fc7ce146edc0cddf38d9062e54dcc60284b3bda92a4a352bf1d
34,13,联锁表,33,"SFLA,NE,XILA",SF,U,,通过,,完整按钮序列；灯位；仿真接近/占用/出清；延时正常解锁,fd32d5ed00723fc7ce146edc0cddf38d9062e54dcc60284b3bda92a4a352bf1d
35,13,联锁表,34,"SFLA,NE,XIILA",SF,UU,,通过,,完整按钮序列；灯位；仿真接近/占用/出清；延时正常解锁,fd32d5ed00723fc7ce146edc0cddf38d9062e54dcc60284b3bda92a4a352bf1d
36,13,联锁表,35,"SFLA,NE,X4LA",SF,UU,,通过,,完整按钮序列；灯位；仿真接近/占用/出清；延时正常解锁,fd32d5ed00723fc7ce146edc0cddf38d9062e54dcc60284b3bda92a4a352bf1d
37,11,联锁表,36,"SLA,NE,X5LA",S,UU,,通过,,完整按钮序列；灯位；仿真接近/占用/出清；延时正常解锁,fd32d5ed00723fc7ce146edc0cddf38d9062e54dcc60284b3bda92a4a352bf1d
38,11,联锁表,37,"SLA,NE,XIIILA",S,UU,,通过,,完整按钮序列；灯位；仿真接近/占用/出清；延时正常解锁,fd32d5ed00723fc7ce146edc0cddf38d9062e54dcc60284b3bda92a4a352bf1d
39,11,联锁表,38,"SLA,NE,XILA",S,UU,,通过,,完整按钮序列；灯位；仿真接近/占用/出清；延时正常解锁,fd32d5ed00723fc7ce146edc0cddf38d9062e54dcc60284b3bda92a4a352bf1d
40,11,联锁表,39,"SLA,NE,XIILA",S,U,,通过,,完整按钮序列；灯位；仿真接近/占用/出清；延时正常解锁,fd32d5ed00723fc7ce146edc0cddf38d9062e54dcc60284b3bda92a4a352bf1d
41,11,联锁表,40,"SLA,NE,X4LA",S,UU,,通过,,完整按钮序列；灯位；仿真接近/占用/出清；延时正常解锁,fd32d5ed00723fc7ce146edc0cddf38d9062e54dcc60284b3bda92a4a352bf1d
42,12,联锁表,41,"X5LA,NE,SFLA",X5,L,,通过,,完整按钮序列；灯位；仿真接近/占用/出清；延时正常解锁,fd32d5ed00723fc7ce146edc0cddf38d9062e54dcc60284b3bda92a4a352bf1d
43,14,联锁表,42,"X5LA,NE,SLA",X5,L,,通过,,完整按钮序列；灯位；仿真接近/占用/出清；延时正常解锁,fd32d5ed00723fc7ce146edc0cddf38d9062e54dcc60284b3bda92a4a352bf1d
44,12,联锁表,43,"XIIILA,NE,SFLA",XIII,L,,通过,,完整按钮序列；灯位；仿真接近/占用/出清；延时正常解锁,fd32d5ed00723fc7ce146edc0cddf38d9062e54dcc60284b3bda92a4a352bf1d
45,14,联锁表,44,"XIIILA,NE,SLA",XIII,L,,通过,,完整按钮序列；灯位；仿真接近/占用/出清；延时正常解锁,fd32d5ed00723fc7ce146edc0cddf38d9062e54dcc60284b3bda92a4a352bf1d
46,12,联锁表,45,"XILA,NE,SFLA",XI,L,,通过,,完整按钮序列；灯位；仿真接近/占用/出清；延时正常解锁,fd32d5ed00723fc7ce146edc0cddf38d9062e54dcc60284b3bda92a4a352bf1d
47,14,联锁表,46,"XILA,NE,SLA",XI,L,,通过,,完整按钮序列；灯位；仿真接近/占用/出清；延时正常解锁,fd32d5ed00723fc7ce146edc0cddf38d9062e54dcc60284b3bda92a4a352bf1d
48,12,联锁表,47,"XIILA,NE,SFLA",XII,L,,通过,,完整按钮序列；灯位；仿真接近/占用/出清；延时正常解锁,fd32d5ed00723fc7ce146edc0cddf38d9062e54dcc60284b3bda92a4a352bf1d
49,14,联锁表,48,"XIILA,NE,SLA",XII,L,,通过,,完整按钮序列；灯位；仿真接近/占用/出清；延时正常解锁,fd32d5ed00723fc7ce146edc0cddf38d9062e54dcc60284b3bda92a4a352bf1d
50,12,联锁表,49,"X4LA,NE,SFLA",X4,L,,通过,,完整按钮序列；灯位；仿真接近/占用/出清；延时正常解锁,fd32d5ed00723fc7ce146edc0cddf38d9062e54dcc60284b3bda92a4a352bf1d
51,14,联锁表,50,"X4LA,NE,SLA",X4,L,,通过,,完整按钮序列；灯位；仿真接近/占用/出清；延时正常解锁,fd32d5ed00723fc7ce146edc0cddf38d9062e54dcc60284b3bda92a4a352bf1d
52,15,联锁表,51,"SFTA,NE,XLA",SF,L,"34,23",阶段一排除,通过进路不在第一阶段执行范围,,fd32d5ed00723fc7ce146edc0cddf38d9062e54dcc60284b3bda92a4a352bf1d
53,15,联锁表,52,"STA,NE,XFLA",S,L,"40,27",阶段一排除,通过进路不在第一阶段执行范围,,fd32d5ed00723fc7ce146edc0cddf38d9062e54dcc60284b3bda92a4a352bf1d
54,15,联锁表,53,"XTA,NE,SFLA",X,L,"114,46",阶段一排除,通过进路不在第一阶段执行范围,,fd32d5ed00723fc7ce146edc0cddf38d9062e54dcc60284b3bda92a4a352bf1d
55,15,联锁表,54,"XFTA,NE,SLA",XF,L,"14,49",阶段一排除,通过进路不在第一阶段执行范围,,fd32d5ed00723fc7ce146edc0cddf38d9062e54dcc60284b3bda92a4a352bf1d
56,21,联锁表,55,"D1A,NE,D5A",D1,B,,通过,,完整按钮序列；灯位；仿真接近/占用/出清；延时正常解锁,fd32d5ed00723fc7ce146edc0cddf38d9062e54dcc60284b3bda92a4a352bf1d
57,21,联锁表,56,"D1A,NE,D7A",D1,B,,通过,,完整按钮序列；灯位；仿真接近/占用/出清；延时正常解锁,fd32d5ed00723fc7ce146edc0cddf38d9062e54dcc60284b3bda92a4a352bf1d
58,21,联锁表,57,"D5A,NE,D1A",D5,B,,通过,,完整按钮序列；灯位；仿真接近/占用/出清；延时正常解锁,fd32d5ed00723fc7ce146edc0cddf38d9062e54dcc60284b3bda92a4a352bf1d
59,21,联锁表,58,"D15A,NE,SIIDA",D15,B,,数据阻塞,完整按钮序列与另一条进路重复，无法唯一识别,,fd32d5ed00723fc7ce146edc0cddf38d9062e54dcc60284b3bda92a4a352bf1d
60,21,联锁表,59,"D15A,NE,S4DA",D15,B,,数据阻塞,完整按钮序列与另一条进路重复，无法唯一识别,,fd32d5ed00723fc7ce146edc0cddf38d9062e54dcc60284b3bda92a4a352bf1d
61,21,联锁表,60,"D3A,NE,D11A",D3,B,,通过,,完整按钮序列；灯位；仿真接近/占用/出清；延时正常解锁,fd32d5ed00723fc7ce146edc0cddf38d9062e54dcc60284b3bda92a4a352bf1d
62,21,联锁表,61,"D3A,NE,D7A",D3,B,,通过,,完整按钮序列；灯位；仿真接近/占用/出清；延时正常解锁,fd32d5ed00723fc7ce146edc0cddf38d9062e54dcc60284b3bda92a4a352bf1d
63,21,联锁表,62,"D7A,NE,D3A",D7,B,,通过,,完整按钮序列；灯位；仿真接近/占用/出清；延时正常解锁,fd32d5ed00723fc7ce146edc0cddf38d9062e54dcc60284b3bda92a4a352bf1d
64,21,联锁表,63,"D7A,NE,D1A",D7,B,,通过,,完整按钮序列；灯位；仿真接近/占用/出清；延时正常解锁,fd32d5ed00723fc7ce146edc0cddf38d9062e54dcc60284b3bda92a4a352bf1d
65,21,联锁表,64,"D9A,NE,S5DA",D9,B,,通过,,完整按钮序列；灯位；仿真接近/占用/出清；延时正常解锁,fd32d5ed00723fc7ce146edc0cddf38d9062e54dcc60284b3bda92a4a352bf1d
66,21,联锁表,65,"D9A,BA,SIIIDA",D9,B,,通过,,完整按钮序列；灯位；仿真接近/占用/出清；延时正常解锁,fd32d5ed00723fc7ce146edc0cddf38d9062e54dcc60284b3bda92a4a352bf1d
67,21,联锁表,66,"D9A,NE,D13A",D9,B,,通过,,完整按钮序列；灯位；仿真接近/占用/出清；延时正常解锁,fd32d5ed00723fc7ce146edc0cddf38d9062e54dcc60284b3bda92a4a352bf1d
68,21,联锁表,67,"D11A,NE,S5DA",D11,B,,通过,,完整按钮序列；灯位；仿真接近/占用/出清；延时正常解锁,fd32d5ed00723fc7ce146edc0cddf38d9062e54dcc60284b3bda92a4a352bf1d
69,21,联锁表,68,"D11A,NE,SIIIDA",D11,B,,通过,,完整按钮序列；灯位；仿真接近/占用/出清；延时正常解锁,fd32d5ed00723fc7ce146edc0cddf38d9062e54dcc60284b3bda92a4a352bf1d
70,21,联锁表,69,"D11A,NE,D13A",D11,B,,通过,,完整按钮序列；灯位；仿真接近/占用/出清；延时正常解锁,fd32d5ed00723fc7ce146edc0cddf38d9062e54dcc60284b3bda92a4a352bf1d
71,21,联锁表,70,"D13A,NE,SIIIDA",D13,B,,通过,,完整按钮序列；灯位；仿真接近/占用/出清；延时正常解锁,fd32d5ed00723fc7ce146edc0cddf38d9062e54dcc60284b3bda92a4a352bf1d
72,21,联锁表,71,"D13A,NE,SIDA",D13,B,,通过,,完整按钮序列；灯位；仿真接近/占用/出清；延时正常解锁,fd32d5ed00723fc7ce146edc0cddf38d9062e54dcc60284b3bda92a4a352bf1d
73,21,联锁表,72,"D13A,NE,SIIDA",D13,B,,通过,,完整按钮序列；灯位；仿真接近/占用/出清；延时正常解锁,fd32d5ed00723fc7ce146edc0cddf38d9062e54dcc60284b3bda92a4a352bf1d
74,21,联锁表,73,"D13A,NE,S4DA",D13,B,,通过,,完整按钮序列；灯位；仿真接近/占用/出清；延时正常解锁,fd32d5ed00723fc7ce146edc0cddf38d9062e54dcc60284b3bda92a4a352bf1d
75,21,联锁表,74,"D15A,NE,SIIDA",D15,B,,数据阻塞,完整按钮序列与另一条进路重复，无法唯一识别,,fd32d5ed00723fc7ce146edc0cddf38d9062e54dcc60284b3bda92a4a352bf1d
76,21,联锁表,75,"D15A,NE,S4DA",D15,B,,数据阻塞,完整按钮序列与另一条进路重复，无法唯一识别,,fd32d5ed00723fc7ce146edc0cddf38d9062e54dcc60284b3bda92a4a352bf1d
77,21,联锁表,76,"D2A,NE,D4A",D2,B,,通过,,完整按钮序列；灯位；仿真接近/占用/出清；延时正常解锁,fd32d5ed00723fc7ce146edc0cddf38d9062e54dcc60284b3bda92a4a352bf1d
78,21,联锁表,77,"D2A,NE,D8A",D2,B,,通过,,完整按钮序列；灯位；仿真接近/占用/出清；延时正常解锁,fd32d5ed00723fc7ce146edc0cddf38d9062e54dcc60284b3bda92a4a352bf1d
79,21,联锁表,78,"D6A,NE,D10A",D6,B,,通过,,完整按钮序列；灯位；仿真接近/占用/出清；延时正常解锁,fd32d5ed00723fc7ce146edc0cddf38d9062e54dcc60284b3bda92a4a352bf1d
80,21,联锁表,79,"D6A,NE,XIIDA",D6,B,,通过,,完整按钮序列；灯位；仿真接近/占用/出清；延时正常解锁,fd32d5ed00723fc7ce146edc0cddf38d9062e54dcc60284b3bda92a4a352bf1d
81,21,联锁表,80,"D6A,NE,X4DA",D6,B,,通过,,完整按钮序列；灯位；仿真接近/占用/出清；延时正常解锁,fd32d5ed00723fc7ce146edc0cddf38d9062e54dcc60284b3bda92a4a352bf1d
82,21,联锁表,81,"D8A,NE,D10A",D8,B,,通过,,完整按钮序列；灯位；仿真接近/占用/出清；延时正常解锁,fd32d5ed00723fc7ce146edc0cddf38d9062e54dcc60284b3bda92a4a352bf1d
83,21,联锁表,82,"D8A,NE,XIIDA",D8,B,,通过,,完整按钮序列；灯位；仿真接近/占用/出清；延时正常解锁,fd32d5ed00723fc7ce146edc0cddf38d9062e54dcc60284b3bda92a4a352bf1d
84,21,联锁表,83,"D8A,NE,X4DA",D8,B,,通过,,完整按钮序列；灯位；仿真接近/占用/出清；延时正常解锁,fd32d5ed00723fc7ce146edc0cddf38d9062e54dcc60284b3bda92a4a352bf1d
85,21,联锁表,84,"D10A,NE,D2A",D10,B,,通过,,完整按钮序列；灯位；仿真接近/占用/出清；延时正常解锁,fd32d5ed00723fc7ce146edc0cddf38d9062e54dcc60284b3bda92a4a352bf1d
86,21,联锁表,85,"D10A,NE,SFDA",D10,B,,通过,,完整按钮序列；灯位；仿真接近/占用/出清；延时正常解锁,fd32d5ed00723fc7ce146edc0cddf38d9062e54dcc60284b3bda92a4a352bf1d
87,21,联锁表,86,"D10A,NE,D6A",D10,B,,通过,,完整按钮序列；灯位；仿真接近/占用/出清；延时正常解锁,fd32d5ed00723fc7ce146edc0cddf38d9062e54dcc60284b3bda92a4a352bf1d
88,21,联锁表,87,"D12A,NE,XIDA",D12,B,,通过,,完整按钮序列；灯位；仿真接近/占用/出清；延时正常解锁,fd32d5ed00723fc7ce146edc0cddf38d9062e54dcc60284b3bda92a4a352bf1d
89,21,联锁表,88,"D12A,NE,XIIIDA",D12,B,,通过,,完整按钮序列；灯位；仿真接近/占用/出清；延时正常解锁,fd32d5ed00723fc7ce146edc0cddf38d9062e54dcc60284b3bda92a4a352bf1d
90,21,联锁表,89,"D12A,NE,D16A",D12,B,,通过,,完整按钮序列；灯位；仿真接近/占用/出清；延时正常解锁,fd32d5ed00723fc7ce146edc0cddf38d9062e54dcc60284b3bda92a4a352bf1d
91,21,联锁表,90,"D14A,NE,D16A",D14,B,,通过,,完整按钮序列；灯位；仿真接近/占用/出清；延时正常解锁,fd32d5ed00723fc7ce146edc0cddf38d9062e54dcc60284b3bda92a4a352bf1d
92,21,联锁表,91,"D16A,NE,X5DA",D16,B,,通过,,完整按钮序列；灯位；仿真接近/占用/出清；延时正常解锁,fd32d5ed00723fc7ce146edc0cddf38d9062e54dcc60284b3bda92a4a352bf1d
93,21,联锁表,92,"D16A,NE,D18A",D16,B,,通过,,完整按钮序列；灯位；仿真接近/占用/出清；延时正常解锁,fd32d5ed00723fc7ce146edc0cddf38d9062e54dcc60284b3bda92a4a352bf1d
94,21,联锁表,93,"D18A,NE,D14A",D18,B,,通过,,完整按钮序列；灯位；仿真接近/占用/出清；延时正常解锁,fd32d5ed00723fc7ce146edc0cddf38d9062e54dcc60284b3bda92a4a352bf1d
95,21,联锁表,94,"D18A,NE,D12A",D18,B,,通过,,完整按钮序列；灯位；仿真接近/占用/出清；延时正常解锁,fd32d5ed00723fc7ce146edc0cddf38d9062e54dcc60284b3bda92a4a352bf1d
96,21,联锁表,95,"S4DA,NE,D15A",S4,B,,通过,,完整按钮序列；灯位；仿真接近/占用/出清；延时正常解锁,fd32d5ed00723fc7ce146edc0cddf38d9062e54dcc60284b3bda92a4a352bf1d
97,21,联锁表,96,"SIIDA,NE,D15A",SII,B,,通过,,完整按钮序列；灯位；仿真接近/占用/出清；延时正常解锁,fd32d5ed00723fc7ce146edc0cddf38d9062e54dcc60284b3bda92a4a352bf1d
98,21,联锁表,97,"S4DA,NE,D9A",S4,B,,通过,,完整按钮序列；灯位；仿真接近/占用/出清；延时正常解锁,fd32d5ed00723fc7ce146edc0cddf38d9062e54dcc60284b3bda92a4a352bf1d
99,21,联锁表,98,"SIIDA,NE,D9A",SII,B,,通过,,完整按钮序列；灯位；仿真接近/占用/出清；延时正常解锁,fd32d5ed00723fc7ce146edc0cddf38d9062e54dcc60284b3bda92a4a352bf1d
100,21,联锁表,99,"SIDA,NE,D9A",SI,B,,通过,,完整按钮序列；灯位；仿真接近/占用/出清；延时正常解锁,fd32d5ed00723fc7ce146edc0cddf38d9062e54dcc60284b3bda92a4a352bf1d
101,21,联锁表,100,"SIIIDA,NE,D9A",SIII,B,,通过,,完整按钮序列；灯位；仿真接近/占用/出清；延时正常解锁,fd32d5ed00723fc7ce146edc0cddf38d9062e54dcc60284b3bda92a4a352bf1d
102,21,联锁表,101,"S5DA,NE,D9A",S5,B,,通过,,完整按钮序列；灯位；仿真接近/占用/出清；延时正常解锁,fd32d5ed00723fc7ce146edc0cddf38d9062e54dcc60284b3bda92a4a352bf1d
103,21,联锁表,102,"X5DA,NE,D14A",X5,B,,通过,,完整按钮序列；灯位；仿真接近/占用/出清；延时正常解锁,fd32d5ed00723fc7ce146edc0cddf38d9062e54dcc60284b3bda92a4a352bf1d
104,21,联锁表,103,"X5DA,NE,D12A",X5,B,,通过,,完整按钮序列；灯位；仿真接近/占用/出清；延时正常解锁,fd32d5ed00723fc7ce146edc0cddf38d9062e54dcc60284b3bda92a4a352bf1d
105,21,联锁表,104,"XIIIDA,NE,D12A",XIII,B,,通过,,完整按钮序列；灯位；仿真接近/占用/出清；延时正常解锁,fd32d5ed00723fc7ce146edc0cddf38d9062e54dcc60284b3bda92a4a352bf1d
106,21,联锁表,105,"XIDA,NE,D12A",XI,B,,通过,,完整按钮序列；灯位；仿真接近/占用/出清；延时正常解锁,fd32d5ed00723fc7ce146edc0cddf38d9062e54dcc60284b3bda92a4a352bf1d
107,21,联锁表,106,"XIIDA,NE,D2A",XII,B,,通过,,完整按钮序列；灯位；仿真接近/占用/出清；延时正常解锁,fd32d5ed00723fc7ce146edc0cddf38d9062e54dcc60284b3bda92a4a352bf1d
108,21,联锁表,107,"X4DA,NE,D2A",X4,B,,通过,,完整按钮序列；灯位；仿真接近/占用/出清；延时正常解锁,fd32d5ed00723fc7ce146edc0cddf38d9062e54dcc60284b3bda92a4a352bf1d
109,21,联锁表,108,"XIIDA,NE,D6A",XII,B,,通过,,完整按钮序列；灯位；仿真接近/占用/出清；延时正常解锁,fd32d5ed00723fc7ce146edc0cddf38d9062e54dcc60284b3bda92a4a352bf1d
110,21,联锁表,109,"X4DA,NE,D6A",X4,B,,通过,,完整按钮序列；灯位；仿真接近/占用/出清；延时正常解锁,fd32d5ed00723fc7ce146edc0cddf38d9062e54dcc60284b3bda92a4a352bf1d
111,21,联锁表,110,"XIIDA,NE,SFDA",XII,B,,通过,,完整按钮序列；灯位；仿真接近/占用/出清；延时正常解锁,fd32d5ed00723fc7ce146edc0cddf38d9062e54dcc60284b3bda92a4a352bf1d
112,21,联锁表,111,"X4DA,NE,SFDA",X4,B,,通过,,完整按钮序列；灯位；仿真接近/占用/出清；延时正常解锁,fd32d5ed00723fc7ce146edc0cddf38d9062e54dcc60284b3bda92a4a352bf1d
113,13,联锁表,112,"XFLA,NE,SIIILA",XF,UU,,数据阻塞,完整按钮序列与另一条进路重复，无法唯一识别,,fd32d5ed00723fc7ce146edc0cddf38d9062e54dcc60284b3bda92a4a352bf1d
114,11,联锁表,113,"XLA,NE,SILA",X,U,,通过,,完整按钮序列；灯位；仿真接近/占用/出清；延时正常解锁,fd32d5ed00723fc7ce146edc0cddf38d9062e54dcc60284b3bda92a4a352bf1d
115,22,联锁表,114,"D1A,NE,SIIDA",D1,B,"56,75",通过,,完整按钮序列；灯位；仿真接近/占用/出清；延时正常解锁,fd32d5ed00723fc7ce146edc0cddf38d9062e54dcc60284b3bda92a4a352bf1d
116,22,联锁表,115,"D1A,NE,S4DA",D1,B,"56,76",通过,,完整按钮序列；灯位；仿真接近/占用/出清；延时正常解锁,fd32d5ed00723fc7ce146edc0cddf38d9062e54dcc60284b3bda92a4a352bf1d
117,22,联锁表,116,"D1A,NE,SIDA",D1,B,"57,67,72",通过,,完整按钮序列；灯位；仿真接近/占用/出清；延时正常解锁,fd32d5ed00723fc7ce146edc0cddf38d9062e54dcc60284b3bda92a4a352bf1d
118,22,联锁表,117,"D1A,NE,SIIIDA",D1,B,"57,67,71",通过,,完整按钮序列；灯位；仿真接近/占用/出清；延时正常解锁,fd32d5ed00723fc7ce146edc0cddf38d9062e54dcc60284b3bda92a4a352bf1d
119,22,联锁表,118,"D1A,NE,S5DA",D1,B,"57,65",通过,,完整按钮序列；灯位；仿真接近/占用/出清；延时正常解锁,fd32d5ed00723fc7ce146edc0cddf38d9062e54dcc60284b3bda92a4a352bf1d
120,22,联锁表,119,"D3A,NE,S4DA",D3,B,"62,67,74",通过,,完整按钮序列；灯位；仿真接近/占用/出清；延时正常解锁,fd32d5ed00723fc7ce146edc0cddf38d9062e54dcc60284b3bda92a4a352bf1d
121,22,联锁表,120,"D3A,NE,SIIDA",D3,B,"62,67,73",通过,,完整按钮序列；灯位；仿真接近/占用/出清；延时正常解锁,fd32d5ed00723fc7ce146edc0cddf38d9062e54dcc60284b3bda92a4a352bf1d
122,22,联锁表,121,"D3A,NE,SIDA",D3,B,"62,67,72",通过,,完整按钮序列；灯位；仿真接近/占用/出清；延时正常解锁,fd32d5ed00723fc7ce146edc0cddf38d9062e54dcc60284b3bda92a4a352bf1d
123,22,联锁表,122,"D3A,NE,SIIIDA",D3,B,"62,67,71",通过,,完整按钮序列；灯位；仿真接近/占用/出清；延时正常解锁,fd32d5ed00723fc7ce146edc0cddf38d9062e54dcc60284b3bda92a4a352bf1d
124,22,联锁表,123,"D3A,NE,S5DA",D3,B,"62,65",通过,,完整按钮序列；灯位；仿真接近/占用/出清；延时正常解锁,fd32d5ed00723fc7ce146edc0cddf38d9062e54dcc60284b3bda92a4a352bf1d
125,22,联锁表,124,"D6A,NE,XIDA",D6,B,"79,88",通过,,完整按钮序列；灯位；仿真接近/占用/出清；延时正常解锁,fd32d5ed00723fc7ce146edc0cddf38d9062e54dcc60284b3bda92a4a352bf1d
126,22,联锁表,125,"D6A,NE,XIIIDA",D6,B,"79,89",通过,,完整按钮序列；灯位；仿真接近/占用/出清；延时正常解锁,fd32d5ed00723fc7ce146edc0cddf38d9062e54dcc60284b3bda92a4a352bf1d
127,22,联锁表,126,"D6A,NE,X5DA",D6,B,"79,90,92",通过,,完整按钮序列；灯位；仿真接近/占用/出清；延时正常解锁,fd32d5ed00723fc7ce146edc0cddf38d9062e54dcc60284b3bda92a4a352bf1d
128,22,联锁表,127,"D6A,NE,D18A",D6,B,"79,90,93",通过,,完整按钮序列；灯位；仿真接近/占用/出清；延时正常解锁,fd32d5ed00723fc7ce146edc0cddf38d9062e54dcc60284b3bda92a4a352bf1d
129,22,联锁表,128,"D8A,NE,XIDA",D8,B,"82,88",通过,,完整按钮序列；灯位；仿真接近/占用/出清；延时正常解锁,fd32d5ed00723fc7ce146edc0cddf38d9062e54dcc60284b3bda92a4a352bf1d
130,22,联锁表,129,"D8A,NE,XIIIDA",D8,B,"82,89",通过,,完整按钮序列；灯位；仿真接近/占用/出清；延时正常解锁,fd32d5ed00723fc7ce146edc0cddf38d9062e54dcc60284b3bda92a4a352bf1d
131,22,联锁表,130,"D8A,NE,X5DA",D8,B,"82,90,92",通过,,完整按钮序列；灯位；仿真接近/占用/出清；延时正常解锁,fd32d5ed00723fc7ce146edc0cddf38d9062e54dcc60284b3bda92a4a352bf1d
132,22,联锁表,131,"D8A,NE,D18A",D8,B,"82,90,93",通过,,完整按钮序列；灯位；仿真接近/占用/出清；延时正常解锁,fd32d5ed00723fc7ce146edc0cddf38d9062e54dcc60284b3bda92a4a352bf1d
133,22,联锁表,132,"D14A,NE,X5DA",D14,B,"91,92",通过,,完整按钮序列；灯位；仿真接近/占用/出清；延时正常解锁,fd32d5ed00723fc7ce146edc0cddf38d9062e54dcc60284b3bda92a4a352bf1d
134,22,联锁表,133,"D14A,NE,D18A",D14,B,"91,93",通过,,完整按钮序列；灯位；仿真接近/占用/出清；延时正常解锁,fd32d5ed00723fc7ce146edc0cddf38d9062e54dcc60284b3bda92a4a352bf1d
135,21,联锁表,134,"D4A,NE,D2A",D4,B,,通过,,完整按钮序列；灯位；仿真接近/占用/出清；延时正常解锁,fd32d5ed00723fc7ce146edc0cddf38d9062e54dcc60284b3bda92a4a352bf1d
136,21,联锁表,135,"S5DA,NE,XDA",S5,B,,数据阻塞,按钮 XDA 不在按钮表,,fd32d5ed00723fc7ce146edc0cddf38d9062e54dcc60284b3bda92a4a352bf1d
137,21,联锁表,136,"SIIIDA,NE,XDA",SIII,B,,数据阻塞,按钮 XDA 不在按钮表,,fd32d5ed00723fc7ce146edc0cddf38d9062e54dcc60284b3bda92a4a352bf1d
138,21,联锁表,137,"SIDA,NE,XDA",SI,B,,数据阻塞,按钮 XDA 不在按钮表,,fd32d5ed00723fc7ce146edc0cddf38d9062e54dcc60284b3bda92a4a352bf1d
139,21,联锁表,138,"SIIDA,NE,XDA",SII,B,,数据阻塞,按钮 XDA 不在按钮表,,fd32d5ed00723fc7ce146edc0cddf38d9062e54dcc60284b3bda92a4a352bf1d
140,21,联锁表,139,"S4DA,NE,XDA",S4,B,,数据阻塞,按钮 XDA 不在按钮表,,fd32d5ed00723fc7ce146edc0cddf38d9062e54dcc60284b3bda92a4a352bf1d
141,21,联锁表,140,"SIII,BA,D9A",SIII,B,,数据阻塞,按钮 SIII 不在按钮表,,fd32d5ed00723fc7ce146edc0cddf38d9062e54dcc60284b3bda92a4a352bf1d
142,21,联锁表,141,"SIII,BA,D3A",SIII,B,,数据阻塞,按钮 SIII 不在按钮表,,fd32d5ed00723fc7ce146edc0cddf38d9062e54dcc60284b3bda92a4a352bf1d
143,21,联锁表,142,"SIII,D11A,D3A",SIII,B,,数据阻塞,按钮 SIII 不在按钮表,,fd32d5ed00723fc7ce146edc0cddf38d9062e54dcc60284b3bda92a4a352bf1d
144,21,联锁表,143,"S5DA,D11A,D3A",S5,B,,通过,,完整按钮序列；灯位；仿真接近/占用/出清；延时正常解锁,fd32d5ed00723fc7ce146edc0cddf38d9062e54dcc60284b3bda92a4a352bf1d
145,22,联锁表,144,"D1A,NE,D13A",D1,B,"57,67",通过,,完整按钮序列；灯位；仿真接近/占用/出清；延时正常解锁,fd32d5ed00723fc7ce146edc0cddf38d9062e54dcc60284b3bda92a4a352bf1d
146,22,联锁表,145,"D3A,NE,D13A",D3,B,"62,67",通过,,完整按钮序列；灯位；仿真接近/占用/出清；延时正常解锁,fd32d5ed00723fc7ce146edc0cddf38d9062e54dcc60284b3bda92a4a352bf1d
147,22,联锁表,146,"D9A,NE,SIDA",D9,B,"67,72",通过,,完整按钮序列；灯位；仿真接近/占用/出清；延时正常解锁,fd32d5ed00723fc7ce146edc0cddf38d9062e54dcc60284b3bda92a4a352bf1d
148,22,联锁表,147,"D9A,NE,SIIDA",D9,B,"67,73",通过,,完整按钮序列；灯位；仿真接近/占用/出清；延时正常解锁,fd32d5ed00723fc7ce146edc0cddf38d9062e54dcc60284b3bda92a4a352bf1d
149,22,联锁表,148,"D9A,NE,SIIIDA",D9,B,"67,71",通过,,完整按钮序列；灯位；仿真接近/占用/出清；延时正常解锁,fd32d5ed00723fc7ce146edc0cddf38d9062e54dcc60284b3bda92a4a352bf1d
150,22,联锁表,149,"D9A,NE,S4DA",D9,B,"67,74",通过,,完整按钮序列；灯位；仿真接近/占用/出清；延时正常解锁,fd32d5ed00723fc7ce146edc0cddf38d9062e54dcc60284b3bda92a4a352bf1d
151,22,联锁表,150,"D11A,NE,SIDA",D11,B,"70,72",通过,,完整按钮序列；灯位；仿真接近/占用/出清；延时正常解锁,fd32d5ed00723fc7ce146edc0cddf38d9062e54dcc60284b3bda92a4a352bf1d
152,22,联锁表,151,"D11A,NE,SIIDA",D11,B,"70,73",通过,,完整按钮序列；灯位；仿真接近/占用/出清；延时正常解锁,fd32d5ed00723fc7ce146edc0cddf38d9062e54dcc60284b3bda92a4a352bf1d
153,22,联锁表,152,"D11A,NE,S4DA",D11,B,"70,74",通过,,完整按钮序列；灯位；仿真接近/占用/出清；延时正常解锁,fd32d5ed00723fc7ce146edc0cddf38d9062e54dcc60284b3bda92a4a352bf1d
154,22,联锁表,153,"S5DA,NE,D3A",S5,B,"102,63",通过,,完整按钮序列；灯位；仿真接近/占用/出清；延时正常解锁,fd32d5ed00723fc7ce146edc0cddf38d9062e54dcc60284b3bda92a4a352bf1d
155,22,联锁表,154,"S5DA,NE,D1A",S5,B,"102,64",通过,,完整按钮序列；灯位；仿真接近/占用/出清；延时正常解锁,fd32d5ed00723fc7ce146edc0cddf38d9062e54dcc60284b3bda92a4a352bf1d
156,22,联锁表,155,"SIIIDA,NE,D1A",SIII,B,"101,64",通过,,完整按钮序列；灯位；仿真接近/占用/出清；延时正常解锁,fd32d5ed00723fc7ce146edc0cddf38d9062e54dcc60284b3bda92a4a352bf1d
157,22,联锁表,156,"SIIIDA,NE,D3A",SIII,B,"101,63",通过,,完整按钮序列；灯位；仿真接近/占用/出清；延时正常解锁,fd32d5ed00723fc7ce146edc0cddf38d9062e54dcc60284b3bda92a4a352bf1d
158,22,联锁表,157,"SIIDA,NE,D1A",SII,B,"97,58",通过,,完整按钮序列；灯位；仿真接近/占用/出清；延时正常解锁,fd32d5ed00723fc7ce146edc0cddf38d9062e54dcc60284b3bda92a4a352bf1d
159,22,联锁表,158,"SIIDA,NE,D3A",SII,B,"99,63",通过,,完整按钮序列；灯位；仿真接近/占用/出清；延时正常解锁,fd32d5ed00723fc7ce146edc0cddf38d9062e54dcc60284b3bda92a4a352bf1d
160,22,联锁表,159,"SIDA,NE,D1A",SI,B,"100,64",通过,,完整按钮序列；灯位；仿真接近/占用/出清；延时正常解锁,fd32d5ed00723fc7ce146edc0cddf38d9062e54dcc60284b3bda92a4a352bf1d
161,22,联锁表,160,"SIDA,NE,D3A",SI,B,"100,63",通过,,完整按钮序列；灯位；仿真接近/占用/出清；延时正常解锁,fd32d5ed00723fc7ce146edc0cddf38d9062e54dcc60284b3bda92a4a352bf1d
162,22,联锁表,161,"S4DA,NE,D1A",S4,B,"96,58",通过,,完整按钮序列；灯位；仿真接近/占用/出清；延时正常解锁,fd32d5ed00723fc7ce146edc0cddf38d9062e54dcc60284b3bda92a4a352bf1d
163,22,联锁表,162,"S4DA,NE,D3A",S4,B,"98,63",通过,,完整按钮序列；灯位；仿真接近/占用/出清；延时正常解锁,fd32d5ed00723fc7ce146edc0cddf38d9062e54dcc60284b3bda92a4a352bf1d
164,22,联锁表,163,"D2A,NE,D10A",D2,B,"78,82",通过,,完整按钮序列；灯位；仿真接近/占用/出清；延时正常解锁,fd32d5ed00723fc7ce146edc0cddf38d9062e54dcc60284b3bda92a4a352bf1d
165,22,联锁表,164,"D2A,NE,XIDA",D2,B,"78,82,88",通过,,完整按钮序列；灯位；仿真接近/占用/出清；延时正常解锁,fd32d5ed00723fc7ce146edc0cddf38d9062e54dcc60284b3bda92a4a352bf1d
166,22,联锁表,165,"D2A,NE,XIIDA",D2,B,"78,83",通过,,完整按钮序列；灯位；仿真接近/占用/出清；延时正常解锁,fd32d5ed00723fc7ce146edc0cddf38d9062e54dcc60284b3bda92a4a352bf1d
167,22,联锁表,166,"D2A,NE,X4DA",D2,B,"78,84",通过,,完整按钮序列；灯位；仿真接近/占用/出清；延时正常解锁,fd32d5ed00723fc7ce146edc0cddf38d9062e54dcc60284b3bda92a4a352bf1d
168,22,联锁表,167,"D6A,NE,D16A",D6,B,"79,90",通过,,完整按钮序列；灯位；仿真接近/占用/出清；延时正常解锁,fd32d5ed00723fc7ce146edc0cddf38d9062e54dcc60284b3bda92a4a352bf1d
169,22,联锁表,168,"D8A,NE,D16A",D8,B,"82,90",通过,,完整按钮序列；灯位；仿真接近/占用/出清；延时正常解锁,fd32d5ed00723fc7ce146edc0cddf38d9062e54dcc60284b3bda92a4a352bf1d
170,22,联锁表,169,"D12A,NE,D18A",D12,B,"90,93",通过,,完整按钮序列；灯位；仿真接近/占用/出清；延时正常解锁,fd32d5ed00723fc7ce146edc0cddf38d9062e54dcc60284b3bda92a4a352bf1d
171,22,联锁表,170,"D18A,NE,D6A",D18,B,"95,87",通过,,完整按钮序列；灯位；仿真接近/占用/出清；延时正常解锁,fd32d5ed00723fc7ce146edc0cddf38d9062e54dcc60284b3bda92a4a352bf1d
172,22,联锁表,171,"D18A,NE,SFDA",D18,B,"95,86",通过,,完整按钮序列；灯位；仿真接近/占用/出清；延时正常解锁,fd32d5ed00723fc7ce146edc0cddf38d9062e54dcc60284b3bda92a4a352bf1d
173,22,联锁表,172,"X5DA,NE,D6A",X5,B,"104,87",通过,,完整按钮序列；灯位；仿真接近/占用/出清；延时正常解锁,fd32d5ed00723fc7ce146edc0cddf38d9062e54dcc60284b3bda92a4a352bf1d
174,22,联锁表,173,"X5DA,NE,SFDA",X5,B,"104,86",通过,,完整按钮序列；灯位；仿真接近/占用/出清；延时正常解锁,fd32d5ed00723fc7ce146edc0cddf38d9062e54dcc60284b3bda92a4a352bf1d
175,22,联锁表,174,"XIIIDA,NE,D6A",XIII,B,"105,87",通过,,完整按钮序列；灯位；仿真接近/占用/出清；延时正常解锁,fd32d5ed00723fc7ce146edc0cddf38d9062e54dcc60284b3bda92a4a352bf1d
176,22,联锁表,175,"XIIIDA,NE,SFDA",XIII,B,"105,86",通过,,完整按钮序列；灯位；仿真接近/占用/出清；延时正常解锁,fd32d5ed00723fc7ce146edc0cddf38d9062e54dcc60284b3bda92a4a352bf1d
177,22,联锁表,176,"XIDA,NE,D2A",XI,B,"106,85",通过,,完整按钮序列；灯位；仿真接近/占用/出清；延时正常解锁,fd32d5ed00723fc7ce146edc0cddf38d9062e54dcc60284b3bda92a4a352bf1d
178,22,联锁表,177,"XIDA,NE,D6A",XI,B,"106,87",通过,,完整按钮序列；灯位；仿真接近/占用/出清；延时正常解锁,fd32d5ed00723fc7ce146edc0cddf38d9062e54dcc60284b3bda92a4a352bf1d
179,22,联锁表,178,"XIDA,NE,SFDA",XI,B,"106,86",通过,,完整按钮序列；灯位；仿真接近/占用/出清；延时正常解锁,fd32d5ed00723fc7ce146edc0cddf38d9062e54dcc60284b3bda92a4a352bf1d
180,14,联锁表,179,"SIIILA,D7A,XLA",SIII,L,,通过,,完整按钮序列；灯位；仿真接近/占用/出清；延时正常解锁,fd32d5ed00723fc7ce146edc0cddf38d9062e54dcc60284b3bda92a4a352bf1d
181,14,联锁表,180,"SIIILA,D11A,XLA",SIII,L,,通过,,完整按钮序列；灯位；仿真接近/占用/出清；延时正常解锁,fd32d5ed00723fc7ce146edc0cddf38d9062e54dcc60284b3bda92a4a352bf1d
182,12,联锁表,181,"SIIILA,BA,XFLA",SIII,L,,通过,,完整按钮序列；灯位；仿真接近/占用/出清；延时正常解锁,fd32d5ed00723fc7ce146edc0cddf38d9062e54dcc60284b3bda92a4a352bf1d
183,14,联锁表,182,"S5LA,D7A,XLA",S5,L,,通过,,完整按钮序列；灯位；仿真接近/占用/出清；延时正常解锁,fd32d5ed00723fc7ce146edc0cddf38d9062e54dcc60284b3bda92a4a352bf1d
184,11,联锁表,183,"XLA,D9A,S5LA",X,UU,,通过,,完整按钮序列；灯位；仿真接近/占用/出清；延时正常解锁,fd32d5ed00723fc7ce146edc0cddf38d9062e54dcc60284b3bda92a4a352bf1d
185,11,联锁表,184,"XLA,D7A,S5LA",X,UU,,通过,,完整按钮序列；灯位；仿真接近/占用/出清；延时正常解锁,fd32d5ed00723fc7ce146edc0cddf38d9062e54dcc60284b3bda92a4a352bf1d
186,11,联锁表,185,"XLA,D11A,SIIILA",X,UU,,通过,,完整按钮序列；灯位；仿真接近/占用/出清；延时正常解锁,fd32d5ed00723fc7ce146edc0cddf38d9062e54dcc60284b3bda92a4a352bf1d
187,11,联锁表,186,"XLA,BA,SIIILA",X,UU,,通过,,完整按钮序列；灯位；仿真接近/占用/出清；延时正常解锁,fd32d5ed00723fc7ce146edc0cddf38d9062e54dcc60284b3bda92a4a352bf1d
188,13,联锁表,187,"XFLA,BA,SIIILA",XF,UU,,通过,,完整按钮序列；灯位；仿真接近/占用/出清；延时正常解锁,fd32d5ed00723fc7ce146edc0cddf38d9062e54dcc60284b3bda92a4a352bf1d
189,22,联锁表,188,"D2A,NE,XIIIDA",D2,B,"78,82,89",通过,,完整按钮序列；灯位；仿真接近/占用/出清；延时正常解锁,fd32d5ed00723fc7ce146edc0cddf38d9062e54dcc60284b3bda92a4a352bf1d
190,22,联锁表,189,"D2A,NE,X5DA",D2,B,"77,91,92",通过,,完整按钮序列；灯位；仿真接近/占用/出清；延时正常解锁,fd32d5ed00723fc7ce146edc0cddf38d9062e54dcc60284b3bda92a4a352bf1d
191,22,联锁表,190,"D2A,NE,D18A",D2,B,"77,91,93",通过,,完整按钮序列；灯位；仿真接近/占用/出清；延时正常解锁,fd32d5ed00723fc7ce146edc0cddf38d9062e54dcc60284b3bda92a4a352bf1d
192,22,联锁表,191,"XIIIDA,NE,D2A",XIII,B,"105,85",通过,,完整按钮序列；灯位；仿真接近/占用/出清；延时正常解锁,fd32d5ed00723fc7ce146edc0cddf38d9062e54dcc60284b3bda92a4a352bf1d
193,22,联锁表,192,"X5DA,NE,D2A",X5,B,"103,135",通过,,完整按钮序列；灯位；仿真接近/占用/出清；延时正常解锁,fd32d5ed00723fc7ce146edc0cddf38d9062e54dcc60284b3bda92a4a352bf1d
194,22,联锁表,193,"D18A,NE,D2A",D18,B,"94,135",通过,,完整按钮序列；灯位；仿真接近/占用/出清；延时正常解锁,fd32d5ed00723fc7ce146edc0cddf38d9062e54dcc60284b3bda92a4a352bf1d
195,21,联锁表,194,"SIIIDA,NE,XNDA",SIII,B,,通过,,完整按钮序列；灯位；仿真接近/占用/出清；延时正常解锁,fd32d5ed00723fc7ce146edc0cddf38d9062e54dcc60284b3bda92a4a352bf1d
196,21,联锁表,195,"S5DA,NE,XNDA",S5,B,,通过,,完整按钮序列；灯位；仿真接近/占用/出清；延时正常解锁,fd32d5ed00723fc7ce146edc0cddf38d9062e54dcc60284b3bda92a4a352bf1d
197,21,联锁表,196,"SIIDA,NE,XNDA",SII,B,,通过,,完整按钮序列；灯位；仿真接近/占用/出清；延时正常解锁,fd32d5ed00723fc7ce146edc0cddf38d9062e54dcc60284b3bda92a4a352bf1d
198,21,联锁表,197,"SIDA,NE,XNDA",SI,B,,通过,,完整按钮序列；灯位；仿真接近/占用/出清；延时正常解锁,fd32d5ed00723fc7ce146edc0cddf38d9062e54dcc60284b3bda92a4a352bf1d
199,21,联锁表,198,"S4DA,NE,XNDA",S4,B,,通过,,完整按钮序列；灯位；仿真接近/占用/出清；延时正常解锁,fd32d5ed00723fc7ce146edc0cddf38d9062e54dcc60284b3bda92a4a352bf1d
200,13,联锁表,199,"XFLA,D7A,SIILA",XF,UU,,通过,,完整按钮序列；灯位；仿真接近/占用/出清；延时正常解锁,fd32d5ed00723fc7ce146edc0cddf38d9062e54dcc60284b3bda92a4a352bf1d
201,13,联锁表,200,"XFLA,D7A,S4LA",XF,UU,,通过,,完整按钮序列；灯位；仿真接近/占用/出清；延时正常解锁,fd32d5ed00723fc7ce146edc0cddf38d9062e54dcc60284b3bda92a4a352bf1d
202,12,联锁表,201,"SIILA,D9A,XFLA",SII,L,,通过,,完整按钮序列；灯位；仿真接近/占用/出清；延时正常解锁,fd32d5ed00723fc7ce146edc0cddf38d9062e54dcc60284b3bda92a4a352bf1d
203,12,联锁表,202,"S4LA,D9A,XFLA",S4,L,,通过,,完整按钮序列；灯位；仿真接近/占用/出清；延时正常解锁,fd32d5ed00723fc7ce146edc0cddf38d9062e54dcc60284b3bda92a4a352bf1d
204,12,联锁表,203,"SIILA,D7A,XFLA",SII,L,,通过,,完整按钮序列；灯位；仿真接近/占用/出清；延时正常解锁,fd32d5ed00723fc7ce146edc0cddf38d9062e54dcc60284b3bda92a4a352bf1d
205,12,联锁表,204,"S4LA,D7A,XFLA",S4,L,,通过,,完整按钮序列；灯位；仿真接近/占用/出清；延时正常解锁,fd32d5ed00723fc7ce146edc0cddf38d9062e54dcc60284b3bda92a4a352bf1d
206,13,联锁表,205,"XFLA,D9A,SIILA",XF,UU,,通过,,完整按钮序列；灯位；仿真接近/占用/出清；延时正常解锁,fd32d5ed00723fc7ce146edc0cddf38d9062e54dcc60284b3bda92a4a352bf1d
207,13,联锁表,206,"XFLA,D9A,S4LA",XF,UU,,通过,,完整按钮序列；灯位；仿真接近/占用/出清；延时正常解锁,fd32d5ed00723fc7ce146edc0cddf38d9062e54dcc60284b3bda92a4a352bf1d
208,14,联锁表,207,"S5LA,D9A,XLA",S5,L,,通过,,完整按钮序列；灯位；仿真接近/占用/出清；延时正常解锁,fd32d5ed00723fc7ce146edc0cddf38d9062e54dcc60284b3bda92a4a352bf1d
209,22,联锁表,208,"D12A,NE,X5DA",D6,B,"90,92",数据阻塞,选排始端 D12A 与防护信号 D6 矛盾；待老师核对原始数据；始端按钮关联信号与防护信号机不一致,,fd32d5ed00723fc7ce146edc0cddf38d9062e54dcc60284b3bda92a4a352bf1d
210,13,联锁表,209,"XFLA,D13A,SIILA",XF,UU,,通过,,完整按钮序列；灯位；仿真接近/占用/出清；延时正常解锁,fd32d5ed00723fc7ce146edc0cddf38d9062e54dcc60284b3bda92a4a352bf1d
211,13,联锁表,210,"XFLA,D13A,S4LA",XF,UU,,通过,,完整按钮序列；灯位；仿真接近/占用/出清；延时正常解锁,fd32d5ed00723fc7ce146edc0cddf38d9062e54dcc60284b3bda92a4a352bf1d
212,12,联锁表,211,"SIILA,D13A,XFLA",SII,L,,通过,,完整按钮序列；灯位；仿真接近/占用/出清；延时正常解锁,fd32d5ed00723fc7ce146edc0cddf38d9062e54dcc60284b3bda92a4a352bf1d
213,12,联锁表,212,"S4LA,D13A,XFLA",S4,L,,通过,,完整按钮序列；灯位；仿真接近/占用/出清；延时正常解锁,fd32d5ed00723fc7ce146edc0cddf38d9062e54dcc60284b3bda92a4a352bf1d
214,11,联锁表,213,"XLA,D11A,SILA",X,UU,,通过,,完整按钮序列；灯位；仿真接近/占用/出清；延时正常解锁,fd32d5ed00723fc7ce146edc0cddf38d9062e54dcc60284b3bda92a4a352bf1d
